{
 "sza_start": 78.27792520800881,
 "sza_end": 44.12765990610624,
 "t_start": 7.233333333333333,
 "t_end": 9.946666666666667,
 "alt_min": -4.149172108,
 "alt_max": 17642.0505,
 "E_min": 1.6,
 "E_max": 79.2,
 "relE_med_pct": 5.750724982832459,
 "relE_rand_med_pct": 2.0824911528355186,
 "apogee_ist_h": 8.846944444444444,
 "ascent_rate_ms": 3.037020227233603,
 "sza_cut": 80.0,
 "z_lowest_valid_km": -0.004149172108,
 "tau_R0": 0.5513882968792,
 "tau_resid_anchor": 0.049785844394925394,
 "tau_col": 0.23345544551817246,
 "sig_tau_col": 0.02269847049626815,
 "tau_R_surf": 0.5362010679936026,
 "aod_balloon_360": -0.30274562247543013,
 "sig_aod_balloon": 0.03512832939613918,
 "angstrom": 1.5721301351856733,
 "aod_maiac_550": 0.61,
 "aod_maiac_470": 0.781,
 "aod_maiac_360": 1.1876716896851445,
 "sig_maiac_360": 0.2063685968030087,
 "tau_ext_expected": 1.7390599865643446,
 "sig_tau_ext": 0.2063685968030087,
 "eta_global_direct": 0.13424231902395892,
 "sig_eta": 0.020594336045424353,
 "E0_implied": 101.91655505015459,
 "transmittance_global": 0.79179287287553,
 "nay_pm25_day": 24.179999999999996,
 "nay_pm10_day": 47.123333333333335,
 "shr_pm25_day": 28.57166666666667,
 "shr_pm10_day": 52.93833333333333,
 "nay_pm25_flight": 31.62,
 "shr_pm25_flight": 28.15,
 "cpm_ground": 30.103092783505154,
 "cpm_4km": 72.0,
 "geiger_fail_km": 4.7,
 "o3_DU": 280.5621521952839,
 "no2_umolm2": 23.180624452874238,
 "so2_umolm2": 209.19729491326083,
 "co_molm2": 0.029330796615115267,
 "uvai_mean": -0.1863455704697987,
 "E_launch_ground": 7.999999999999997,
 "t_launch_ground": 7.308550870147256,
 "E_landing_ground": 11.733333333333334,
 "t_landing_ground": 9.906376543209877,
 "power_at_launch": 6.469708500669346,
 "power_at_landing": 35.585324197530866,
 "ratio_launch": 1.2365317539688736,
 "ratio_landing": 0.3297239409202141,
 "launch_airmass": 4.464673458864027,
 "T_launch_meas": 0.3564086074743553,
 "T_launch_pred_eff": 0.35264184820003347,
 "T_launch_pred_ext": 0.00042461190735590106
}